order_id,customer_id,amount,status,uf,created_at,updated_at
O-000300,C-00082,-10.00,shipped,MG,2024-01-12T09:43:00+00:00,2024-01-12T13:04:00+00:00
O-000175,C-00070,789.43,shipped,PR,2024-01-10T03:19:00+00:00,2024-01-10T05:34:00+00:00
O-000067,C-00015,349.75,paid,PR,2024-01-28T14:08:00+00:00,2024-01-28T22:51:00+00:00
O-000027,C-00086,586.64,canceled,PE,2024-01-15T04:28:00+00:00,2024-01-15T11:16:00+00:00
O-000373,,536.58,canceled,SP,2024-01-10T09:05:00+00:00,2024-01-10T10:13:00+00:00
O-000436,C-00014,693.21,shipped,MG,2024-01-25T10:26:00+00:00,2024-01-25T11:53:00+00:00
O-000329,C-00041,379.81,canceled,XX,2024-01-01T20:41:00+00:00,2024-01-02T04:12:00+00:00
O-000485,C-00016,889.40,canceled,MG,2024-01-01T08:48:00+00:00,2024-01-01T14:39:00+00:00
O-000195,C-00034,51.90,canceled,RJ,2024-01-01T17:14:00+00:00,2024-01-01T20:12:00+00:00
O-000331,C-00027,506.99,canceled,SC,2024-01-07T06:49:00+00:00,2024-01-07T15:40:00+00:00
O-000220,C-00051,886.08,created,SP,2024-01-03T01:36:00+00:00,2024-01-03T05:21:00+00:00
O-000180,C-00014,608.98,canceled,SP,2024-01-30T01:27:00+00:00,2024-01-30T07:47:00+00:00
O-000117,C-00025,198.66,canceled,PR,2024-01-25T09:18:00+00:00,2024-01-25T12:27:00+00:00
O-000469,C-00036,781.01,paid,MG,2024-01-19T17:34:00+00:00,2024-01-19T18:34:00+00:00
O-000433,,276.04,shipped,MG,2024-01-23T17:22:00+00:00,2024-01-23T19:44:00+00:00
O-000316,C-00098,365.91,created,SC,2024-01-13T00:52:00+00:00,2024-01-13T07:06:00+00:00
O-000340,C-00029,575.96,created,RJ,2024-01-03T07:26:00+00:00,2024-01-03T16:29:00+00:00
O-000058,C-00086,97.00,canceled,MG,2024-01-10T13:27:00+00:00,2024-01-10T17:42:00+00:00
O-000253,C-00057,418.20,shipped,SC,2024-01-17T17:46:00+00:00,2024-01-18T03:30:00+00:00
O-000242,C-00009,300.07,canceled,PR,2024-01-29T17:05:00+00:00,2024-01-29T22:47:00+00:00
O-000019,C-00088,650.05,shipped,BA,2024-01-26T04:16:00+00:00,2024-01-26T04:27:00+00:00
O-000291,C-00070,264.87,shipped,MG,2024-01-03T22:55:00+00:00,2024-01-04T08:18:00+00:00
O-000244,C-00017,537.56,created,PR,2024-01-15T02:51:00+00:00,2024-01-15T09:32:00+00:00
O-000426,C-00039,11.06,canceled,BA,2024-01-05T20:50:00+00:00,2024-01-05T23:08:00+00:00
O-000314,C-00007,50.23,canceled,PE,2024-01-27T13:10:00+00:00,2024-01-27T19:11:00+00:00
O-000154,C-00006,289.77,canceled,SC,2024-01-11T15:06:00+00:00,2024-01-11T22:06:00+00:00
O-000029,,68.54,created,RS,2024-01-27T18:44:00+00:00,2024-01-27T22:29:00+00:00
O-000419,C-00072,463.63,created,SP,2024-01-21T10:15:00+00:00,2024-01-21T19:45:00+00:00
O-000472,C-00082,716.17,created,SC,2024-01-21T13:41:00+00:00,2024-01-21T14:58:00+00:00
O-000397,C-00002,200.75,canceled,BA,2024-01-04T02:14:00+00:00,2024-01-04T04:48:00+00:00
O-000217,C-00085,384.49,canceled,SC,2024-01-13T09:12:00+00:00,2024-01-13T16:45:00+00:00
O-000123,C-00063,71.30,created,MG,2024-01-03T23:22:00+00:00,2024-01-04T06:12:00+00:00
O-000310,C-00050,778.43,canceled,RS,2024-01-03T07:16:00+00:00,2024-01-03T12:13:00+00:00
O-000115,C-00046,634.06,shipped,PR,2024-01-26T01:10:00+00:00,2024-01-26T06:48:00+00:00
O-000435,C-00089,379.38,created,BA,2024-01-25T07:40:00+00:00,2024-01-25T16:18:00+00:00
O-000176,C-00062,870.81,shipped,BA,2024-01-08T11:43:00+00:00,2024-01-08T16:06:00+00:00
O-000141,C-00041,230.90,created,SC,2024-01-21T16:47:00+00:00,2024-01-21T18:17:00+00:00
O-000002,C-00012,200.68,created,RS,2024-01-02T10:42:00+00:00,2024-01-02T11:12:00+00:00
O-000458,C-00054,640.58,canceled,PE,2024-01-19T14:53:00+00:00,2024-01-19T23:16:00+00:00
O-000353,C-00031,404.83,shipped,BA,2024-01-12T20:50:00+00:00,2024-01-13T03:22:00+00:00
O-000280,C-00058,42.91,shipped,SC,2024-01-21T04:51:00+00:00,2024-01-21T10:50:00+00:00
O-000148,C-00091,249.72,canceled,PE,2024-01-14T06:47:00+00:00,2024-01-14T15:28:00+00:00
O-000356,C-00091,694.01,created,PR,2024-01-19T10:49:00+00:00,2024-01-19T19:23:00+00:00
O-000269,C-00009,313.60,created,BA,2024-01-01T17:44:00+00:00,2024-01-01T23:49:00+00:00
O-000324,C-00048,-10.00,created,SC,2024-01-22T14:42:00+00:00,2024-01-22T14:59:00+00:00
O-000322,C-00018,298.53,shipped,MG,2024-01-07T18:40:00+00:00,2024-01-08T03:27:00+00:00
O-000049,C-00037,146.18,shipped,SP,2024-01-12T02:49:00+00:00,2024-01-12T09:07:00+00:00
O-000034,C-00094,308.68,created,RS,2024-01-03T18:12:00+00:00,2024-01-04T01:04:00+00:00
O-000198,C-00008,898.74,canceled,SC,2024-01-30T06:41:00+00:00,2024-01-30T07:12:00+00:00
O-000146,C-00002,499.27,created,RS,2024-01-15T03:25:00+00:00,2024-01-15T12:49:00+00:00
O-000263,C-00039,114.05,paid,SC,2024-01-14T02:41:00+00:00,2024-01-14T06:44:00+00:00
O-000467,C-00077,487.20,shipped,PR,2024-01-25T05:23:00+00:00,2024-01-25T10:10:00+00:00
O-000010,C-00027,604.81,created,MG,2024-01-17T20:20:00+00:00,2024-01-18T02:23:00+00:00
O-000312,C-00060,451.39,shipped,PE,2024-01-23T16:14:00+00:00,2024-01-24T01:01:00+00:00
O-000172,C-00087,681.24,paid,RJ,2024-01-29T06:10:00+00:00,2024-01-29T10:26:00+00:00
O-000239,C-00092,80.47,paid,SP,2024-01-05T17:03:00+00:00,2024-01-05T22:54:00+00:00
O-000024,C-00073,852.52,created,PE,2024-01-03T15:16:00+00:00,2024-01-03T19:22:00+00:00
O-000390,C-00041,-10.00,paid,MG,2024-01-10T05:52:00+00:00,2024-01-10T12:11:00+00:00
O-000094,C-00007,237.84,shipped,RS,2024-01-22T00:17:00+00:00,2024-01-22T03:23:00+00:00
O-000194,C-00002,325.63,paid,BA,2024-01-02T04:09:00+00:00,2024-01-02T06:23:00+00:00
O-000193,C-00070,229.34,paid,RJ,2024-01-07T14:02:00+00:00,2024-01-07T16:15:00+00:00
O-000111,C-00011,221.01,canceled,PE,2024-01-24T12:17:00+00:00,2024-01-24T15:32:00+00:00
O-000096,C-00011,425.92,created,BA,2024-01-20T04:27:00+00:00,2024-01-20T08:45:00+00:00
O-000074,C-00087,196.26,canceled,MG,2024-01-21T02:32:00+00:00,2024-01-21T10:04:00+00:00
O-000448,C-00036,678.33,created,RJ,2024-01-10T18:36:00+00:00,2024-01-10T22:06:00+00:00
O-000276,C-00024,449.10,canceled,BA,2024-01-18T14:19:00+00:00,2024-01-18T20:06:00+00:00
O-000429,C-00051,872.01,shipped,PE,2024-01-15T07:10:00+00:00,2024-01-15T10:11:00+00:00
O-000463,C-00055,96.66,paid,PR,2024-01-25T20:45:00+00:00,2024-01-26T00:28:00+00:00
O-000442,C-00013,397.16,canceled,BA,2024-01-16T20:26:00+00:00,2024-01-17T04:33:00+00:00
O-000057,C-00006,280.89,created,BA,2024-01-20T13:26:00+00:00,2024-01-20T15:36:00+00:00
O-000256,C-00037,80.07,paid,PR,2024-01-24T11:30:00+00:00,2024-01-24T13:37:00+00:00
O-000493,C-00027,468.39,paid,SC,2024-01-30T23:09:00+00:00,2024-01-31T04:17:00+00:00
O-000259,C-00011,340.55,created,BA,2024-01-11T17:31:00+00:00,2024-01-12T00:06:00+00:00
O-000104,C-00065,584.55,ENTREGUE,SC,2024-01-17T20:45:00+00:00,2024-01-17T21:55:00+00:00
O-000191,C-00009,747.69,paid,RS,2024-01-26T16:40:00+00:00,2024-01-26T20:10:00+00:00
O-000358,C-00054,633.24,canceled,RS,2024-01-21T16:57:00+00:00,2024-01-21T23:19:00+00:00
O-000150,C-00099,712.06,canceled,BA,2024-01-04T04:15:00+00:00,2024-01-04T08:57:00+00:00
O-000042,C-00075,431.73,ENTREGUE,SP,2024-01-03T14:26:00+00:00,2024-01-03T15:17:00+00:00
O-000129,C-00010,145.10,canceled,PE,2024-01-08T21:51:00+00:00,2024-01-09T07:16:00+00:00
O-000179,C-00059,334.88,shipped,SC,2024-01-25T10:04:00+00:00,2024-01-25T12:10:00+00:00
O-000013,C-00028,822.26,shipped,RS,2024-01-13T04:26:00+00:00,2024-01-13T05:33:00+00:00
O-000092,C-00017,882.75,created,SC,2024-01-08T12:16:00+00:00,2024-01-08T20:14:00+00:00
O-000445,C-00043,506.06,canceled,RS,2024-01-26T02:49:00+00:00,2024-01-26T05:32:00+00:00
O-000228,C-00068,75.39,shipped,BA,2024-01-27T19:12:00+00:00,2024-01-28T02:02:00+00:00
O-000108,C-00058,223.26,canceled,SC,2024-01-04T22:39:00+00:00,2024-01-05T03:24:00+00:00
O-000275,C-00048,396.07,canceled,PE,2024-01-13T10:25:00+00:00,2024-01-13T12:32:00+00:00
O-000427,C-00043,399.00,canceled,XX,2024-01-29T05:24:00+00:00,2024-01-29T11:53:00+00:00
O-000311,C-00074,"650,41",paid,MG,2024-01-08T06:26:00+00:00,2024-01-08T12:01:00+00:00
O-000377,C-00008,503.26,paid,SC,2024-01-14T16:13:00+00:00,2024-01-14T20:54:00+00:00
O-000357,C-00029,861.84,canceled,XX,2024-01-17T17:27:00+00:00,2024-01-17T21:13:00+00:00
O-000050,C-00085,97.71,paid,PR,2024-01-26T05:46:00+00:00,2024-01-26T10:52:00+00:00
O-000073,C-00056,708.25,shipped,PE,2024-01-14T01:23:00+00:00,2024-01-14T04:58:00+00:00
O-000289,C-00018,768.28,canceled,MG,2024-01-10T02:38:00+00:00,2024-01-10T04:43:00+00:00
O-000142,C-00085,783.08,ENTREGUE,SC,2024-01-24T10:04:00+00:00,2024-01-24T10:05:00+00:00
O-000489,C-00081,674.70,canceled,PE,2024-01-16T23:35:00+00:00,2024-01-17T03:13:00+00:00
O-000477,C-00017,511.70,canceled,BA,2024-01-25T21:48:00+00:00,2024-01-26T07:39:00+00:00
O-000016,C-00047,201.29,paid,PE,2024-01-27T13:22:00+00:00,2024-01-27T20:10:00+00:00
O-000339,C-00018,102.76,paid,RS,2024-01-26T13:52:00+00:00,2024-01-26T18:30:00+00:00
O-000247,C-00044,853.16,canceled,RS,2024-01-09T04:53:00+00:00,2024-01-09T08:32:00+00:00
O-000343,C-00097,867.70,shipped,PR,2024-01-30T14:33:00+00:00,2024-01-30T17:57:00+00:00
O-000417,C-00014,86.91,shipped,PE,2024-01-15T09:53:00+00:00,2024-01-15T16:02:00+00:00
O-000156,C-00013,475.73,canceled,SP,2024-01-05T13:37:00+00:00,2024-01-05T21:07:00+00:00
O-000112,C-00089,431.10,canceled,PE,2024-01-26T06:24:00+00:00,2024-01-26T10:30:00+00:00
O-000385,C-00028,434.06,shipped,PR,2024-01-09T13:31:00+00:00,2024-01-09T23:03:00+00:00
O-000455,C-00063,573.77,paid,MG,2024-01-20T06:04:00+00:00,2024-01-20T09:14:00+00:00
O-000131,C-00088,213.91,shipped,RS,2024-01-21T15:55:00+00:00,2024-01-21T17:07:00+00:00
O-000481,C-00033,78.77,paid,SP,2024-01-30T18:59:00+00:00,2024-01-31T01:08:00+00:00
O-000484,C-00076,207.44,canceled,SP,2024-01-04T13:07:00+00:00,2024-01-04T15:22:00+00:00
O-000078,C-00025,647.92,canceled,PE,2024-01-19T20:40:00+00:00,2024-01-20T06:29:00+00:00
O-000294,C-00079,796.40,created,PR,2024-01-26T02:32:00+00:00,2024-01-26T04:44:00+00:00
O-000386,C-00025,866.06,created,PE,2024-01-01T16:44:00+00:00,2024-01-01T20:20:00+00:00
O-000490,C-00013,130.31,created,SC,2024-01-10T21:17:00+00:00,2024-01-10T22:45:00+00:00
O-000223,C-00069,634.79,shipped,XX,2024-01-06T21:06:00+00:00,2024-01-07T03:35:00+00:00
O-000181,C-00042,824.15,paid,RJ,2024-01-29T04:42:00+00:00,2024-01-29T14:16:00+00:00
O-000497,C-00098,426.56,created,SP,2024-01-25T20:46:00+00:00,2024-01-25T23:42:00+00:00
O-000243,C-00043,77.94,paid,BA,2024-01-12T11:14:00+00:00,2024-01-12T13:47:00+00:00
O-000286,C-00084,254.43,created,SP,2024-01-19T02:45:00+00:00,2024-01-19T08:06:00+00:00
O-000229,C-00100,155.48,created,RS,2024-01-11T02:00:00+00:00,2024-01-11T07:41:00+00:00
O-000465,C-00027,730.58,shipped,SC,2024-01-06T08:13:00+00:00,2024-01-06T12:15:00+00:00
O-000452,C-00087,636.86,shipped,RJ,2024-01-29T02:19:00+00:00,2024-01-29T05:15:00+00:00
O-000301,C-00079,482.46,paid,MG,2024-01-29T10:41:00+00:00,2024-01-29T15:51:00+00:00
O-000017,C-00015,141.79,paid,SC,2024-01-05T03:17:00+00:00,2024-01-05T04:05:00+00:00
O-000041,C-00028,871.99,created,BA,2024-01-09T15:25:00+00:00,2024-01-09T20:28:00+00:00
O-000307,C-00094,889.28,shipped,SC,2024-01-15T05:25:00+00:00,2024-01-15T10:51:00+00:00
O-000270,C-00046,493.68,paid,PE,2024-01-07T01:43:00+00:00,2024-01-07T02:28:00+00:00
O-000376,C-00019,887.20,paid,SC,2024-01-11T18:45:00+00:00,2024-01-11T23:54:00+00:00
O-000317,C-00072,179.22,shipped,RJ,2024-01-03T07:52:00+00:00,2024-01-03T17:35:00+00:00
O-000384,C-00087,546.45,created,RJ,2024-01-13T05:13:00+00:00,2024-01-13T11:39:00+00:00
O-000095,C-00044,686.30,canceled,PR,2024-01-21T16:39:00+00:00,2024-01-21T22:13:00+00:00
O-000431,C-00026,535.04,paid,SP,2024-01-06T04:23:00+00:00,2024-01-06T14:00:00+00:00
O-000093,C-00085,29.26,canceled,MG,2024-01-27T22:30:00+00:00,2024-01-28T08:07:00+00:00
O-000459,C-00073,32.62,paid,PR,2024-01-08T14:41:00+00:00,2024-01-08T16:05:00+00:00
O-000349,C-00015,300.96,canceled,PR,2024-01-13T10:00:00+00:00,2024-01-13T13:17:00+00:00
O-000037,C-00007,588.67,created,RJ,2024-01-26T01:06:00+00:00,2024-01-26T02:46:00+00:00
O-000315,C-00002,763.22,canceled,MG,2024-01-14T00:06:00+00:00,2024-01-14T09:15:00+00:00
O-000224,C-00056,21.77,created,BA,2024-01-19T01:42:00+00:00,2024-01-19T02:25:00+00:00
O-000197,C-00079,43.81,shipped,PE,2024-01-23T22:19:00+00:00,2024-01-24T02:05:00+00:00
O-000178,C-00012,712.66,created,PR,2024-01-26T08:44:00+00:00,2024-01-26T14:58:00+00:00
O-000087,C-00043,490.64,canceled,SP,2024-01-19T21:08:00+00:00,2024-01-20T04:05:00+00:00
O-000352,C-00018,432.32,paid,SP,2024-01-05T08:11:00+00:00,2024-01-05T11:20:00+00:00
O-000218,C-00097,463.55,shipped,SC,2024-01-13T10:22:00+00:00,2024-01-13T14:02:00+00:00
O-000389,C-00064,422.07,canceled,BA,2024-01-17T08:49:00+00:00,2024-01-17T17:34:00+00:00
O-000420,C-00071,88.29,shipped,SC,2024-01-05T01:53:00+00:00,2024-01-05T07:55:00+00:00
O-000216,C-00007,144.24,created,RJ,2024-01-26T19:57:00+00:00,2024-01-26T21:23:00+00:00
O-000215,C-00044,145.88,shipped,BA,2024-01-20T02:34:00+00:00,2024-01-20T10:18:00+00:00
O-000498,C-00002,239.66,ENTREGUE,SP,2024-01-27T17:33:00+00:00,2024-01-27T18:42:00+00:00
O-000173,C-00040,710.81,created,BA,2024-01-29T13:21:00+00:00,2024-01-29T14:01:00+00:00
O-000206,C-00096,666.22,paid,SP,2024-01-20T15:43:00+00:00,2024-01-20T17:21:00+00:00
O-000248,C-00020,74.06,created,SP,2024-01-11T07:26:00+00:00,2024-01-11T09:46:00+00:00
O-000407,C-00089,799.36,canceled,PR,2024-01-11T10:57:00+00:00,2024-01-11T14:33:00+00:00
O-000009,C-00049,253.79,shipped,MG,2024-01-11T14:16:00+00:00,2024-01-11T15:59:00+00:00
O-000380,C-00039,772.50,paid,PE,2024-01-11T23:12:00+00:00,2024-01-12T03:02:00+00:00
O-000461,C-00071,462.17,created,PR,2024-01-26T17:50:00+00:00,2024-01-27T02:17:00+00:00
O-000320,C-00078,460.66,created,SP,2024-01-07T13:34:00+00:00,2024-01-07T16:57:00+00:00
O-000418,C-00014,123.59,paid,SC,2024-01-17T09:07:00+00:00,2024-01-17T13:43:00+00:00
O-000126,C-00039,774.85,canceled,PR,2024-01-21T12:04:00+00:00,2024-01-21T19:37:00+00:00
O-000282,C-00004,132.79,canceled,SP,2024-01-24T08:25:00+00:00,2024-01-24T11:08:00+00:00
O-000401,C-00080,476.18,shipped,PR,2024-01-11T23:12:00+00:00,2024-01-12T02:28:00+00:00
O-000036,C-00032,787.66,created,PE,2024-01-13T16:14:00+00:00,2024-01-14T00:07:00+00:00
O-000199,C-00092,819.18,created,RJ,2024-01-05T21:55:00+00:00,2024-01-06T06:17:00+00:00
O-000145,C-00004,875.97,paid,MG,2024-01-23T01:26:00+00:00,2024-01-23T03:30:00+00:00
O-000170,C-00036,12.25,created,PE,2024-01-01T23:57:00+00:00,2024-01-02T06:42:00+00:00
O-000189,C-00025,871.55,canceled,RJ,2024-01-19T02:52:00+00:00,2024-01-19T07:34:00+00:00
O-000166,C-00060,811.58,paid,RJ,2024-01-12T14:53:00+00:00,2024-01-12T15:02:00+00:00
O-000476,C-00064,245.34,shipped,BA,2024-01-20T13:17:00+00:00,2024-01-20T16:53:00+00:00
O-000366,C-00037,370.94,paid,SC,2024-01-22T11:37:00+00:00,2024-01-22T12:09:00+00:00
O-000151,C-00001,258.14,shipped,PE,2024-01-24T02:35:00+00:00,2024-01-24T07:08:00+00:00
O-000478,C-00013,565.43,canceled,SP,2024-01-03T04:52:00+00:00,2024-01-03T05:39:00+00:00
O-000045,C-00073,472.89,shipped,RS,2024-01-20T01:54:00+00:00,2024-01-20T11:51:00+00:00
O-000246,C-00066,328.84,shipped,PR,2024-01-30T09:37:00+00:00,2024-01-30T16:50:00+00:00
O-000245,C-00083,713.54,paid,RJ,2024-01-26T10:29:00+00:00,2024-01-26T16:54:00+00:00
O-000434,C-00010,406.91,canceled,SC,2024-01-20T06:10:00+00:00,2024-01-20T12:36:00+00:00
O-000147,C-00016,584.70,paid,PE,2024-01-06T03:55:00+00:00,2024-01-06T11:47:00+00:00
O-000205,C-00009,86.65,shipped,RJ,2024-01-07T22:43:00+00:00,2024-01-08T09:48:00+00:00
O-000187,C-00057,403.00,paid,BA,2024-01-17T20:43:00+00:00,2024-01-18T00:25:00+00:00
O-000136,C-00004,86.74,created,PR,2024-01-15T16:03:00+00:00,2024-01-15T20:19:00+00:00
O-000412,C-00030,755.61,shipped,SC,2024-01-05T10:41:00+00:00,2024-01-05T18:08:00+00:00
O-000305,C-00039,410.92,created,MG,2024-01-12T03:28:00+00:00,2024-01-12T10:23:00+00:00
O-000168,C-00026,899.44,canceled,RJ,2024-01-21T18:59:00+00:00,2024-01-22T00:08:00+00:00
O-000360,C-00008,746.75,paid,MG,2024-01-26T16:13:00+00:00,2024-01-26T18:07:00+00:00
O-000473,,843.02,shipped,PE,2024-01-24T11:11:00+00:00,2024-01-24T15:55:00+00:00
O-000040,C-00055,628.45,ENTREGUE,MG,2024-01-21T16:59:00+00:00,2024-01-21T21:51:00+00:00
O-000446,C-00024,578.23,canceled,SC,2024-01-19T10:25:00+00:00,2024-01-19T13:33:00+00:00
O-000334,C-00029,847.63,shipped,PR,2024-01-26T09:34:00+00:00,2024-01-26T14:39:00+00:00
O-000212,C-00035,633.92,shipped,BA,2024-01-02T07:37:00+00:00,2024-01-02T10:41:00+00:00
O-000306,C-00062,420.68,shipped,MG,2024-01-21T00:09:00+00:00,2024-01-21T07:14:00+00:00
O-000120,C-00007,500.26,paid,PE,2024-01-13T11:37:00+00:00,2024-01-13T12:23:00+00:00
O-000014,C-00051,796.79,canceled,MG,2024-01-30T19:54:00+00:00,2024-01-31T04:25:00+00:00
O-000337,C-00006,262.43,created,BA,2024-01-07T15:59:00+00:00,2024-01-07T20:56:00+00:00
O-000250,C-00093,396.72,canceled,BA,2024-01-29T10:22:00+00:00,2024-01-29T13:11:00+00:00
O-000056,C-00070,37.25,shipped,MG,2024-01-04T10:11:00+00:00,2024-01-04T12:43:00+00:00
O-000152,C-00069,438.49,shipped,SC,2024-01-07T18:18:00+00:00,2024-01-08T01:55:00+00:00
O-000081,C-00016,413.53,canceled,BA,2024-01-26T08:50:00+00:00,2024-01-26T13:05:00+00:00
O-000374,C-00052,397.87,paid,SP,2024-01-12T03:18:00+00:00,2024-01-12T04:03:00+00:00
O-000347,C-00073,544.49,shipped,PR,2024-01-01T10:07:00+00:00,2024-01-01T15:12:00+00:00
O-000323,C-00076,306.05,canceled,PR,2024-01-18T21:12:00+00:00,2024-01-19T02:18:00+00:00
O-000099,C-00073,853.24,canceled,PR,2024-01-22T13:15:00+00:00,2024-01-22T15:12:00+00:00
O-000082,C-00055,748.36,canceled,MG,2024-01-21T03:24:00+00:00,2024-01-21T12:00:00+00:00
O-000128,C-00034,596.08,paid,RS,2024-01-29T11:13:00+00:00,2024-01-29T14:49:00+00:00
O-000403,C-00088,746.12,created,SP,2024-01-11T06:41:00+00:00,2024-01-11T11:48:00+00:00
O-000088,C-00050,814.83,created,SC,2024-01-10T09:55:00+00:00,2024-01-10T17:05:00+00:00
O-000388,C-00069,585.61,shipped,PR,2024-01-18T07:47:00+00:00,2024-01-18T15:44:00+00:00
O-000287,C-00067,351.35,created,PR,2024-01-09T11:12:00+00:00,2024-01-09T19:43:00+00:00
O-000351,C-00055,466.18,created,SC,2024-01-08T23:41:00+00:00,2024-01-09T06:36:00+00:00
O-000408,C-00088,833.40,created,MG,2024-01-03T02:51:00+00:00,2024-01-03T04:07:00+00:00
O-000410,C-00073,220.22,canceled,BA,2024-01-14T14:53:00+00:00,2024-01-14T17:39:00+00:00
O-000466,C-00027,733.11,created,BA,2024-01-08T13:17:00+00:00,2024-01-08T15:39:00+00:00
O-000200,C-00009,-10.00,shipped,SC,2024-01-15T15:49:00+00:00,2024-01-15T18:20:00+00:00
O-000249,C-00077,342.16,paid,MG,2024-01-16T07:50:00+00:00,2024-01-16T10:04:00+00:00
O-000482,C-00093,631.00,paid,SC,2024-01-19T00:54:00+00:00,2024-01-19T06:06:00+00:00
O-000203,C-00044,745.54,canceled,SC,2024-01-11T09:34:00+00:00,2024-01-11T16:37:00+00:00
O-000327,C-00081,650.46,canceled,MG,2024-01-08T18:14:00+00:00,2024-01-09T03:10:00+00:00
O-000272,C-00006,713.04,created,BA,2024-01-14T08:31:00+00:00,2024-01-14T11:57:00+00:00
O-000332,C-00059,821.35,shipped,XX,2024-01-15T06:42:00+00:00,2024-01-15T09:39:00+00:00
O-000063,C-00052,298.79,created,PR,2024-01-02T01:50:00+00:00,2024-01-02T05:07:00+00:00
O-000468,C-00035,857.40,created,MG,2024-01-14T04:01:00+00:00,2024-01-14T13:47:00+00:00
O-000204,C-00055,284.71,shipped,BA,2024-01-05T07:51:00+00:00,2024-01-05T13:11:00+00:00
O-000423,C-00035,446.35,created,MG,2024-01-13T05:43:00+00:00,2024-01-13T10:51:00+00:00
O-000051,C-00096,500.14,shipped,PR,2024-01-06T06:04:00+00:00,2024-01-06T07:53:00+00:00
O-000107,C-00094,535.26,shipped,RS,2024-01-22T03:45:00+00:00,2024-01-22T11:11:00+00:00
O-000405,C-00090,158.39,canceled,SC,2024-01-29T23:29:00+00:00,2024-01-29T23:38:00+00:00
O-000098,C-00003,561.10,paid,MG,2024-01-12T06:05:00+00:00,2024-01-12T09:29:00+00:00
O-000240,C-00057,474.04,paid,BA,2024-01-12T06:36:00+00:00,2024-01-12T14:04:00+00:00
O-000354,C-00093,517.73,shipped,BA,2024-01-14T17:48:00+00:00,2024-01-15T03:44:00+00:00
O-000392,C-00043,210.87,paid,PE,2024-01-07T22:28:00+00:00,2024-01-08T01:48:00+00:00
O-000122,,230.97,canceled,RJ,2024-01-16T12:08:00+00:00,2024-01-16T15:16:00+00:00
O-000140,C-00089,448.44,canceled,SP,2024-01-16T00:14:00+00:00,2024-01-16T07:15:00+00:00
O-000225,C-00074,366.96,canceled,PR,2024-01-27T04:52:00+00:00,2024-01-27T12:11:00+00:00
O-000363,C-00059,509.70,canceled,PR,2024-01-24T08:36:00+00:00,2024-01-24T15:41:00+00:00
O-000499,C-00037,567.57,canceled,SC,2024-01-19T02:41:00+00:00,2024-01-19T11:19:00+00:00
O-000298,C-00016,468.70,shipped,MG,2024-01-23T21:15:00+00:00,2024-01-23T22:11:00+00:00
O-000165,C-00019,212.81,shipped,PE,2024-01-23T15:35:00+00:00,2024-01-24T01:32:00+00:00
O-000443,C-00006,730.12,created,SP,2024-01-04T01:22:00+00:00,2024-01-04T06:29:00+00:00
O-000235,C-00058,38.66,shipped,PR,2024-01-15T03:02:00+00:00,2024-01-15T10:54:00+00:00
O-000158,C-00080,"624,97",ENTREGUE,XX,2024-01-13T01:28:00+00:00,2024-01-13T07:14:00+00:00
O-000308,C-00066,507.68,shipped,RS,2024-01-06T22:49:00+00:00,2024-01-07T05:08:00+00:00
O-000008,C-00085,208.97,shipped,RJ,2024-01-04T03:58:00+00:00,2024-01-04T04:44:00+00:00
O-000470,C-00092,293.28,paid,SC,2024-01-12T08:42:00+00:00,2024-01-12T11:11:00+00:00
O-000226,C-00003,869.75,paid,PE,2024-01-06T05:48:00+00:00,2024-01-06T12:42:00+00:00
O-000409,C-00027,530.40,canceled,RJ,2024-01-15T07:30:00+00:00,2024-01-15T07:46:00+00:00
O-000381,C-00053,871.17,paid,SC,2024-01-03T14:56:00+00:00,2024-01-04T00:31:00+00:00
O-000359,C-00068,404.84,shipped,RJ,2024-01-12T06:17:00+00:00,2024-01-12T10:40:00+00:00
O-000449,C-00047,296.76,canceled,RJ,2024-01-25T10:25:00+00:00,2024-01-25T13:36:00+00:00
O-000232,C-00060,"680,23",canceled,BA,2024-01-09T01:29:00+00:00,2024-01-09T09:54:00+00:00
O-000319,C-00051,339.01,shipped,BA,2024-01-06T20:32:00+00:00,2024-01-06T22:11:00+00:00
O-000090,C-00078,808.54,canceled,RS,2024-01-25T11:52:00+00:00,2024-01-25T21:11:00+00:00
O-000483,C-00091,90.19,paid,PE,2024-01-30T19:57:00+00:00,2024-01-30T21:30:00+00:00
O-000109,C-00064,766.60,paid,PE,2024-01-16T07:26:00+00:00,2024-01-16T07:55:00+00:00
O-000174,C-00038,297.41,canceled,MG,2024-01-06T23:32:00+00:00,2024-01-07T01:04:00+00:00
O-000097,C-00100,861.77,created,SP,2024-01-11T04:54:00+00:00,2024-01-11T06:04:00+00:00
O-000007,C-00081,558.58,shipped,RS,2024-01-26T02:58:00+00:00,2024-01-26T07:58:00+00:00
O-000398,C-00085,441.63,created,SC,2024-01-03T18:01:00+00:00,2024-01-04T02:15:00+00:00
O-000265,C-00074,221.53,paid,PR,2024-01-29T18:15:00+00:00,2024-01-30T03:02:00+00:00
O-000185,C-00076,669.33,paid,SC,2024-01-25T14:02:00+00:00,2024-01-25T21:11:00+00:00
O-000210,C-00045,761.61,shipped,RJ,2024-01-11T04:56:00+00:00,2024-01-11T06:46:00+00:00
O-000221,C-00028,691.78,shipped,PR,2024-01-10T07:17:00+00:00,2024-01-10T12:25:00+00:00
O-000086,C-00050,626.09,paid,RJ,2024-01-07T20:44:00+00:00,2024-01-08T00:40:00+00:00
O-000416,C-00035,143.03,paid,SC,2024-01-04T08:17:00+00:00,2024-01-04T09:41:00+00:00
O-000285,C-00098,73.81,paid,BA,2024-01-17T22:20:00+00:00,2024-01-18T05:54:00+00:00
O-000021,C-00065,821.80,shipped,RS,2024-01-23T18:46:00+00:00,2024-01-23T21:48:00+00:00
O-000278,C-00070,267.92,created,RJ,2024-01-28T10:02:00+00:00,2024-01-28T13:06:00+00:00
O-000169,C-00074,326.27,shipped,PR,2024-01-11T19:05:00+00:00,2024-01-12T01:35:00+00:00
O-000371,C-00059,314.81,shipped,RS,2024-01-11T10:51:00+00:00,2024-01-11T15:04:00+00:00
O-000065,C-00023,524.63,shipped,SP,2024-01-06T05:59:00+00:00,2024-01-06T10:26:00+00:00
O-000227,C-00056,760.81,paid,SC,2024-01-17T11:14:00+00:00,2024-01-17T12:44:00+00:00
O-000273,C-00051,890.26,canceled,PR,2024-01-15T02:41:00+00:00,2024-01-15T11:28:00+00:00
O-000033,C-00060,778.13,created,XX,2024-01-20T06:39:00+00:00,2024-01-20T13:39:00+00:00
O-000011,C-00021,418.72,shipped,RS,2024-01-25T07:25:00+00:00,2024-01-25T11:35:00+00:00
O-000372,C-00085,380.22,created,RS,2024-01-06T03:15:00+00:00,2024-01-06T03:47:00+00:00
O-000488,,12.58,paid,PE,2024-01-04T02:43:00+00:00,2024-01-04T11:46:00+00:00
O-000348,C-00068,447.05,paid,XX,2024-01-21T16:16:00+00:00,2024-01-22T01:32:00+00:00
O-000350,C-00095,306.72,shipped,RS,2024-01-09T11:22:00+00:00,2024-01-09T11:36:00+00:00
O-000406,C-00073,879.71,created,SP,2024-01-30T08:24:00+00:00,2024-01-30T14:03:00+00:00
O-000101,C-00075,27.98,shipped,SC,2024-01-15T03:44:00+00:00,2024-01-15T05:34:00+00:00
O-000367,C-00058,783.31,canceled,SC,2024-01-18T01:00:00+00:00,2024-01-18T07:31:00+00:00
O-000113,C-00038,203.33,paid,PR,2024-01-01T18:50:00+00:00,2024-01-01T20:25:00+00:00
O-000338,C-00096,433.78,paid,PR,2024-01-21T03:11:00+00:00,2024-01-21T07:33:00+00:00
O-000440,C-00014,269.41,created,RJ,2024-01-02T02:49:00+00:00,2024-01-02T11:03:00+00:00
O-000062,C-00045,278.15,paid,RS,2024-01-10T01:59:00+00:00,2024-01-10T09:50:00+00:00
O-000071,C-00017,176.70,canceled,MG,2024-01-14T10:56:00+00:00,2024-01-14T20:23:00+00:00
O-000450,C-00068,869.50,shipped,SC,2024-01-12T22:33:00+00:00,2024-01-13T06:54:00+00:00
O-000236,C-00079,536.70,canceled,PE,2024-01-04T11:48:00+00:00,2024-01-04T13:20:00+00:00
O-000346,C-00096,866.11,shipped,SP,2024-01-23T13:05:00+00:00,2024-01-23T16:15:00+00:00
O-000296,C-00083,71.38,canceled,BA,2024-01-06T16:53:00+00:00,2024-01-06T22:17:00+00:00
O-000281,C-00010,605.71,canceled,BA,2024-01-13T11:53:00+00:00,2024-01-13T12:51:00+00:00
O-000284,C-00005,546.56,canceled,BA,2024-01-18T10:10:00+00:00,2024-01-18T19:50:00+00:00
O-000309,C-00035,407.39,paid,RJ,2024-01-22T05:30:00+00:00,2024-01-22T07:35:00+00:00
O-000207,C-00072,300.03,created,SC,2024-01-27T16:34:00+00:00,2024-01-28T02:09:00+00:00
O-000475,C-00009,717.13,canceled,RS,2024-01-29T21:24:00+00:00,2024-01-30T03:30:00+00:00
O-000274,C-00037,324.49,shipped,BA,2024-01-02T15:59:00+00:00,2024-01-02T22:14:00+00:00
O-000333,C-00079,438.34,paid,PR,2024-01-30T06:39:00+00:00,2024-01-30T11:09:00+00:00
O-000153,C-00025,882.79,paid,SC,2024-01-21T17:21:00+00:00,2024-01-21T22:50:00+00:00
O-000025,C-00099,117.56,canceled,MG,2024-01-04T03:35:00+00:00,2024-01-04T12:40:00+00:00
O-000262,C-00020,496.18,canceled,RJ,2024-01-12T15:32:00+00:00,2024-01-12T19:12:00+00:00
O-000202,C-00093,779.62,canceled,PE,2024-01-06T04:58:00+00:00,2024-01-06T14:22:00+00:00
O-000182,C-00090,275.46,canceled,RJ,2024-01-29T22:01:00+00:00,2024-01-30T05:56:00+00:00
O-000422,C-00022,618.36,paid,MG,2024-01-27T00:43:00+00:00,2024-01-27T09:36:00+00:00
O-000304,C-00038,579.51,shipped,PE,2024-01-23T15:59:00+00:00,2024-01-24T01:17:00+00:00
O-000075,C-00037,466.33,shipped,RJ,2024-01-30T23:38:00+00:00,2024-01-31T01:04:00+00:00
O-000330,C-00100,552.27,canceled,SP,2024-01-19T16:14:00+00:00,2024-01-20T00:47:00+00:00
O-000110,C-00034,309.60,shipped,SP,2024-01-10T15:41:00+00:00,2024-01-10T21:44:00+00:00
O-000020,C-00056,146.55,created,PR,2024-01-06T01:50:00+00:00,2024-01-06T06:50:00+00:00
O-000391,C-00071,841.61,canceled,PR,2024-01-01T17:42:00+00:00,2024-01-01T22:09:00+00:00
O-000479,C-00057,413.58,canceled,RS,2024-01-06T15:42:00+00:00,2024-01-06T18:23:00+00:00
O-000046,C-00034,359.23,shipped,PE,2024-01-15T07:10:00+00:00,2024-01-15T11:14:00+00:00
O-000313,C-00051,"457,37",paid,RS,2024-01-02T01:18:00+00:00,2024-01-02T02:50:00+00:00
O-000135,C-00064,396.79,created,SC,2024-01-23T18:38:00+00:00,2024-01-24T03:50:00+00:00
O-000387,C-00051,824.04,shipped,PR,2024-01-12T00:58:00+00:00,2024-01-12T04:27:00+00:00
O-000428,C-00078,852.81,paid,PE,2024-01-14T16:09:00+00:00,2024-01-14T21:37:00+00:00
O-000328,C-00074,853.64,created,RS,2024-01-12T00:32:00+00:00,2024-01-12T01:04:00+00:00
O-000106,C-00094,471.96,shipped,PE,2024-01-20T19:40:00+00:00,2024-01-20T22:40:00+00:00
O-000183,C-00005,277.41,canceled,RJ,2024-01-07T08:40:00+00:00,2024-01-07T09:26:00+00:00
O-000274,C-00037,-10.00,created,BA,2024-01-02T15:59:00+00:00,2024-01-02T19:14:00+00:00
O-000414,C-00071,847.32,canceled,MG,2024-01-11T09:11:00+00:00,2024-01-11T15:15:00+00:00
O-000208,C-00093,51.04,shipped,PR,2024-01-17T02:13:00+00:00,2024-01-17T09:26:00+00:00
O-000160,C-00031,569.89,shipped,RS,2024-01-29T02:25:00+00:00,2024-01-29T03:35:00+00:00
O-000404,C-00049,342.57,canceled,SP,2024-01-05T06:07:00+00:00,2024-01-05T13:02:00+00:00
O-000230,C-00094,862.61,paid,RS,2024-01-16T21:36:00+00:00,2024-01-17T03:35:00+00:00
O-000084,C-00036,398.69,shipped,RS,2024-01-29T12:34:00+00:00,2024-01-29T16:38:00+00:00
O-000054,C-00099,122.08,shipped,MG,2024-01-01T03:52:00+00:00,2024-01-01T09:33:00+00:00
O-000079,C-00019,-10.00,created,RJ,2024-01-19T04:31:00+00:00,2024-01-19T08:40:00+00:00
O-000055,C-00091,387.78,created,RJ,2024-01-21T02:36:00+00:00,2024-01-21T12:00:00+00:00
O-000299,C-00091,206.80,shipped,RJ,2024-01-08T08:54:00+00:00,2024-01-08T14:24:00+00:00
O-000069,C-00086,829.09,shipped,RJ,2024-01-20T15:05:00+00:00,2024-01-20T16:16:00+00:00
O-000103,C-00073,705.46,shipped,SC,2024-01-14T17:24:00+00:00,2024-01-14T19:27:00+00:00
O-000341,C-00092,"427,80",paid,SP,2024-01-19T19:26:00+00:00,2024-01-20T01:04:00+00:00
O-000382,C-00027,300.59,created,PE,2024-01-12T01:15:00+00:00,2024-01-12T05:36:00+00:00
O-000471,C-00074,571.00,ENTREGUE,SC,2024-01-23T06:37:00+00:00,2024-01-23T09:02:00+00:00
O-000231,C-00033,181.56,paid,RJ,2024-01-05T16:17:00+00:00,2024-01-05T18:46:00+00:00
O-000162,C-00004,46.16,created,PR,2024-01-08T13:42:00+00:00,2024-01-08T18:48:00+00:00
O-000491,C-00041,713.01,paid,PR,2024-01-16T23:58:00+00:00,2024-01-17T07:17:00+00:00
O-000342,C-00053,589.34,canceled,PE,2024-01-26T01:07:00+00:00,2024-01-26T03:48:00+00:00
O-000161,C-00013,685.53,created,PE,2024-01-05T02:43:00+00:00,2024-01-05T10:07:00+00:00
O-000133,C-00008,153.50,shipped,PR,2024-01-07T11:21:00+00:00,2024-01-07T12:34:00+00:00
O-000393,C-00033,688.21,canceled,PE,2024-01-26T01:26:00+00:00,2024-01-26T07:11:00+00:00
O-000361,C-00067,400.45,paid,PE,2024-01-08T11:43:00+00:00,2024-01-08T17:18:00+00:00
O-000066,C-00045,657.05,shipped,SC,2024-01-05T22:24:00+00:00,2024-01-06T05:48:00+00:00
O-000222,C-00001,"450,16",canceled,MG,2024-01-15T22:23:00+00:00,2024-01-16T00:25:00+00:00
O-000031,C-00070,123.42,canceled,RS,2024-01-23T02:12:00+00:00,2024-01-23T05:51:00+00:00
O-000456,C-00018,172.45,canceled,SP,2024-01-23T06:49:00+00:00,2024-01-23T11:44:00+00:00
O-000303,C-00034,587.76,canceled,SP,2024-01-03T01:39:00+00:00,2024-01-03T11:29:00+00:00
O-000038,C-00053,439.65,paid,SC,2024-01-11T18:11:00+00:00,2024-01-11T21:01:00+00:00
O-000201,C-00038,411.08,canceled,RJ,2024-01-28T04:30:00+00:00,2024-01-28T13:33:00+00:00
O-000326,C-00074,208.65,created,PE,2024-01-13T02:01:00+00:00,2024-01-13T11:53:00+00:00
O-000068,C-00001,470.33,paid,BA,2024-01-03T00:28:00+00:00,2024-01-03T07:54:00+00:00
O-000258,C-00004,376.33,canceled,BA,2024-01-21T12:45:00+00:00,2024-01-21T18:42:00+00:00
O-000048,C-00065,242.35,shipped,RJ,2024-01-25T11:14:00+00:00,2024-01-25T14:52:00+00:00
O-000297,C-00082,531.07,paid,SC,2024-01-06T20:10:00+00:00,2024-01-07T05:34:00+00:00
O-000043,C-00024,66.33,created,RS,2024-01-24T02:41:00+00:00,2024-01-24T04:03:00+00:00
O-000234,C-00036,534.32,shipped,RJ,2024-01-29T17:38:00+00:00,2024-01-29T22:48:00+00:00
O-000415,C-00011,696.09,shipped,RS,2024-01-27T15:55:00+00:00,2024-01-27T22:24:00+00:00
O-000211,C-00029,727.46,created,PR,2024-01-13T16:16:00+00:00,2024-01-14T02:03:00+00:00
O-000266,C-00079,320.77,canceled,MG,2024-01-20T12:50:00+00:00,2024-01-20T12:51:00+00:00
O-000118,C-00077,258.28,created,RS,2024-01-27T19:59:00+00:00,2024-01-28T04:56:00+00:00
O-000441,C-00040,312.04,paid,PE,2024-01-07T10:44:00+00:00,2024-01-07T16:40:00+00:00
O-000047,C-00002,415.17,created,RJ,2024-01-15T09:20:00+00:00,2024-01-15T10:34:00+00:00
O-000143,C-00067,328.79,canceled,PE,2024-01-03T11:12:00+00:00,2024-01-03T14:24:00+00:00
O-000072,C-00039,368.44,created,PR,2024-01-29T00:18:00+00:00,2024-01-29T10:00:00+00:00
O-000030,C-00043,68.42,paid,PR,2024-01-04T01:37:00+00:00,2024-01-04T02:09:00+00:00
O-000251,C-00079,260.01,canceled,RS,2024-01-11T19:26:00+00:00,2024-01-12T03:00:00+00:00
O-000425,C-00093,564.41,paid,PE,2024-01-12T10:55:00+00:00,2024-01-12T15:07:00+00:00
O-000121,C-00074,259.48,canceled,PE,2024-01-05T16:03:00+00:00,2024-01-05T16:15:00+00:00
O-000271,C-00018,61.47,canceled,SP,2024-01-22T18:41:00+00:00,2024-01-22T21:47:00+00:00
O-000105,C-00056,864.90,canceled,MG,2024-01-23T07:25:00+00:00,2024-01-23T09:13:00+00:00
O-000053,C-00012,572.68,shipped,SP,2024-01-12T10:17:00+00:00,2024-01-12T11:09:00+00:00
O-000157,C-00084,873.11,created,PE,2024-01-07T13:27:00+00:00,2024-01-07T20:26:00+00:00
O-000192,C-00100,137.06,created,PR,2024-01-11T14:29:00+00:00,2024-01-11T20:05:00+00:00
O-000315,C-00002,763.22,shipped,MG,2024-01-14T00:06:00+00:00,2024-01-14T12:15:00+00:00
O-000000,C-00004,668.69,paid,RS,2024-01-30T02:25:00+00:00,2024-01-30T04:19:00+00:00
O-000474,C-00075,7.21,created,PE,2024-01-23T05:04:00+00:00,2024-01-23T10:39:00+00:00
O-000402,C-00048,863.57,canceled,RS,2024-01-19T01:31:00+00:00,2024-01-19T02:51:00+00:00
O-000355,C-00086,110.81,shipped,MG,2024-01-11T18:06:00+00:00,2024-01-11T19:09:00+00:00
O-000325,C-00093,785.53,created,PE,2024-01-27T13:33:00+00:00,2024-01-27T18:48:00+00:00
O-000494,C-00031,447.92,created,RS,2024-01-14T10:48:00+00:00,2024-01-14T11:43:00+00:00
O-000277,C-00011,655.74,created,SC,2024-01-24T15:11:00+00:00,2024-01-24T19:44:00+00:00
O-000119,C-00047,165.60,created,MG,2024-01-14T11:34:00+00:00,2024-01-14T15:26:00+00:00
O-000012,C-00030,740.51,shipped,SC,2024-01-15T18:12:00+00:00,2024-01-15T19:09:00+00:00
O-000209,C-00074,459.13,paid,PE,2024-01-17T00:05:00+00:00,2024-01-17T01:51:00+00:00
O-000003,C-00054,202.29,shipped,SP,2024-01-30T13:50:00+00:00,2024-01-30T23:08:00+00:00
O-000077,C-00061,552.09,created,PE,2024-01-03T02:28:00+00:00,2024-01-03T06:38:00+00:00
O-000438,C-00002,93.25,paid,RS,2024-01-20T14:10:00+00:00,2024-01-20T15:58:00+00:00
O-000279,C-00040,404.09,canceled,MG,2024-01-15T22:10:00+00:00,2024-01-16T03:12:00+00:00
O-000480,C-00021,787.61,shipped,RJ,2024-01-07T00:05:00+00:00,2024-01-07T05:14:00+00:00
O-000100,C-00078,548.49,created,MG,2024-01-17T18:55:00+00:00,2024-01-17T21:46:00+00:00
O-000252,C-00040,869.21,canceled,RS,2024-01-25T07:16:00+00:00,2024-01-25T11:20:00+00:00
O-000302,C-00073,41.87,created,RJ,2024-01-08T18:59:00+00:00,2024-01-09T00:44:00+00:00
O-000451,C-00076,107.24,shipped,PE,2024-01-28T19:42:00+00:00,2024-01-29T02:23:00+00:00
O-000237,C-00095,806.81,canceled,RS,2024-01-27T09:52:00+00:00,2024-01-27T19:19:00+00:00
O-000124,C-00039,81.24,paid,RJ,2024-01-07T18:57:00+00:00,2024-01-08T04:33:00+00:00
O-000318,C-00058,689.14,shipped,RJ,2024-01-18T13:59:00+00:00,2024-01-18T22:35:00+00:00
O-000378,C-00007,875.20,canceled,BA,2024-01-26T07:08:00+00:00,2024-01-26T15:35:00+00:00
O-000155,C-00064,868.52,paid,BA,2024-01-18T13:42:00+00:00,2024-01-18T16:17:00+00:00
O-000288,C-00028,896.75,shipped,PE,2024-01-12T20:18:00+00:00,2024-01-13T03:54:00+00:00
O-000149,C-00071,134.45,paid,MG,2024-01-12T02:13:00+00:00,2024-01-12T10:00:00+00:00
O-000102,C-00010,534.93,paid,RJ,2024-01-19T01:15:00+00:00,2024-01-19T04:38:00+00:00
O-000454,C-00066,352.67,paid,SC,2024-01-17T23:44:00+00:00,2024-01-18T02:08:00+00:00
O-000004,C-00044,253.69,paid,BA,2024-01-08T06:23:00+00:00,2024-01-08T13:35:00+00:00
O-000462,C-00070,741.24,created,PE,2024-01-25T17:13:00+00:00,2024-01-25T23:28:00+00:00
O-000430,C-00042,341.57,canceled,BA,2024-01-27T05:00:00+00:00,2024-01-27T09:08:00+00:00
O-000044,,225.36,created,RJ,2024-01-19T09:01:00+00:00,2024-01-19T11:03:00+00:00
O-000167,C-00076,-10.00,canceled,PR,2024-01-21T02:29:00+00:00,2024-01-21T08:22:00+00:00
O-000159,C-00041,565.99,canceled,SP,2024-01-25T06:51:00+00:00,2024-01-25T13:20:00+00:00
O-000396,C-00098,10.71,paid,RS,2024-01-04T09:11:00+00:00,2024-01-04T10:00:00+00:00
O-000144,C-00035,496.55,shipped,PE,2024-01-03T08:22:00+00:00,2024-01-03T11:50:00+00:00
O-000238,C-00065,140.02,created,PE,2024-01-15T15:11:00+00:00,2024-01-15T23:18:00+00:00
O-000035,C-00069,406.51,canceled,MG,2024-01-09T17:16:00+00:00,2024-01-09T20:30:00+00:00
O-000205,C-00009,86.65,created,RJ,2024-01-07T22:43:00+00:00,2024-01-08T06:48:00+00:00
O-000437,C-00073,885.33,canceled,BA,2024-01-30T10:41:00+00:00,2024-01-30T11:26:00+00:00
O-000492,C-00032,500.29,shipped,SP,2024-01-30T08:05:00+00:00,2024-01-30T09:31:00+00:00
O-000424,C-00054,273.28,created,BA,2024-01-20T18:46:00+00:00,2024-01-20T23:28:00+00:00
O-000432,C-00057,718.93,created,SC,2024-01-22T00:12:00+00:00,2024-01-22T03:46:00+00:00
O-000026,C-00078,383.71,paid,RS,2024-01-13T01:30:00+00:00,2024-01-13T10:30:00+00:00
O-000344,C-00099,85.07,paid,SP,2024-01-30T09:29:00+00:00,2024-01-30T10:29:00+00:00
O-000257,C-00019,748.79,created,RS,2024-01-21T10:46:00+00:00,2024-01-21T19:31:00+00:00
O-000327,C-00081,650.46,shipped,MG,2024-01-08T18:14:00+00:00,2024-01-09T06:10:00+00:00
O-000486,C-00030,347.85,created,RJ,2024-01-22T17:46:00+00:00,2024-01-22T18:58:00+00:00
O-000292,C-00047,460.34,created,RS,2024-01-30T00:32:00+00:00,2024-01-30T03:30:00+00:00
O-000464,C-00034,316.98,created,PE,2024-01-02T11:12:00+00:00,2024-01-02T18:52:00+00:00
O-000138,C-00075,395.12,canceled,RJ,2024-01-13T15:49:00+00:00,2024-01-13T18:54:00+00:00
O-000163,C-00056,135.28,canceled,MG,2024-01-17T07:32:00+00:00,2024-01-17T13:55:00+00:00
O-000368,C-00018,589.91,shipped,RJ,2024-01-04T15:39:00+00:00,2024-01-05T00:51:00+00:00
O-000213,C-00024,783.53,canceled,RJ,2024-01-16T23:24:00+00:00,2024-01-16T23:30:00+00:00
O-000127,C-00079,864.30,created,RS,2024-01-26T21:05:00+00:00,2024-01-26T22:06:00+00:00
O-000164,C-00011,550.50,canceled,RS,2024-01-08T17:40:00+00:00,2024-01-08T20:39:00+00:00
O-000114,C-00061,500.36,shipped,SC,2024-01-27T11:12:00+00:00,2024-01-27T17:29:00+00:00
O-000214,C-00012,672.77,paid,SC,2024-01-07T10:57:00+00:00,2024-01-07T11:28:00+00:00
O-000335,C-00041,434.42,shipped,PR,2024-01-10T10:24:00+00:00,2024-01-10T18:44:00+00:00
O-000444,C-00087,721.04,paid,MG,2024-01-16T14:43:00+00:00,2024-01-16T16:34:00+00:00
O-000365,C-00045,631.84,created,RJ,2024-01-03T01:28:00+00:00,2024-01-03T08:41:00+00:00
O-000411,C-00089,653.13,shipped,SP,2024-01-18T11:15:00+00:00,2024-01-18T13:38:00+00:00
O-000283,C-00031,701.77,shipped,BA,2024-01-06T17:52:00+00:00,2024-01-06T19:00:00+00:00
O-000018,C-00050,346.55,canceled,PR,2024-01-28T03:26:00+00:00,2024-01-28T04:31:00+00:00
O-000091,C-00063,30.98,shipped,SC,2024-01-13T10:07:00+00:00,2024-01-13T17:33:00+00:00
O-000076,C-00029,726.87,paid,SP,2024-01-11T16:32:00+00:00,2024-01-11T21:49:00+00:00
O-000196,C-00058,701.33,created,PE,2024-01-03T21:25:00+00:00,2024-01-04T05:32:00+00:00
O-000186,C-00063,556.01,shipped,SP,2024-01-30T19:20:00+00:00,2024-01-30T21:01:00+00:00
O-000241,C-00050,370.85,shipped,SP,2024-01-17T23:15:00+00:00,2024-01-18T04:04:00+00:00
O-000023,C-00015,836.54,shipped,RS,2024-01-23T05:41:00+00:00,2024-01-23T06:00:00+00:00
O-000125,,538.53,paid,SC,2024-01-26T09:33:00+00:00,2024-01-26T16:39:00+00:00
O-000042,C-00075,431.73,shipped,SP,2024-01-03T14:26:00+00:00,2024-01-03T18:17:00+00:00
O-000457,C-00063,127.20,canceled,PE,2024-01-17T08:09:00+00:00,2024-01-17T08:18:00+00:00
O-000022,C-00098,149.59,created,BA,2024-01-07T22:56:00+00:00,2024-01-08T05:18:00+00:00
O-000001,C-00087,667.90,created,SC,2024-01-07T08:24:00+00:00,2024-01-07T10:08:00+00:00
O-000260,C-00019,128.15,shipped,PE,2024-01-05T12:13:00+00:00,2024-01-05T17:56:00+00:00
O-000275,C-00048,396.07,shipped,PE,2024-01-13T10:25:00+00:00,2024-01-13T15:32:00+00:00
O-000116,C-00016,650.55,shipped,RJ,2024-01-12T10:35:00+00:00,2024-01-12T14:31:00+00:00
O-000059,C-00023,"793,87",created,MG,2024-01-11T18:34:00+00:00,2024-01-11T21:20:00+00:00
O-000370,C-00060,607.78,canceled,SC,2024-01-02T00:49:00+00:00,2024-01-02T05:54:00+00:00
O-000345,C-00023,840.86,created,SC,2024-01-08T23:13:00+00:00,2024-01-09T06:20:00+00:00
O-000293,C-00064,28.52,shipped,PE,2024-01-07T07:41:00+00:00,2024-01-07T11:43:00+00:00
O-000052,C-00092,311.88,shipped,PE,2024-01-28T12:38:00+00:00,2024-01-28T16:13:00+00:00
O-000395,C-00024,825.62,created,SP,2024-01-25T20:58:00+00:00,2024-01-26T05:18:00+00:00
O-000130,C-00038,34.21,shipped,PR,2024-01-28T00:36:00+00:00,2024-01-28T08:37:00+00:00
O-000080,C-00023,724.68,canceled,SP,2024-01-20T08:22:00+00:00,2024-01-20T12:06:00+00:00
O-000188,C-00070,812.02,shipped,SP,2024-01-05T12:31:00+00:00,2024-01-05T18:47:00+00:00
O-000495,C-00068,800.41,created,BA,2024-01-23T17:40:00+00:00,2024-01-23T18:52:00+00:00
O-000290,C-00088,870.97,shipped,BA,2024-01-21T06:10:00+00:00,2024-01-21T07:39:00+00:00
O-000439,C-00051,419.44,paid,BA,2024-01-21T06:54:00+00:00,2024-01-21T13:17:00+00:00
O-000255,C-00083,435.13,shipped,RJ,2024-01-12T09:04:00+00:00,2024-01-12T09:57:00+00:00
O-000028,C-00029,"62,30",created,RS,2024-01-06T12:10:00+00:00,2024-01-06T16:23:00+00:00
O-000184,C-00069,126.42,canceled,BA,2024-01-05T10:09:00+00:00,2024-01-05T14:09:00+00:00
O-000261,C-00058,555.74,ENTREGUE,SP,2024-01-07T07:35:00+00:00,2024-01-07T15:35:00+00:00
O-000233,C-00020,398.59,canceled,PE,2024-01-29T13:05:00+00:00,2024-01-29T18:28:00+00:00
O-000496,C-00050,775.43,canceled,BA,2024-01-15T09:40:00+00:00,2024-01-15T11:55:00+00:00
O-000039,C-00049,6.93,canceled,PR,2024-01-03T16:02:00+00:00,2024-01-03T18:50:00+00:00
O-000321,C-00092,303.07,canceled,PE,2024-01-02T18:30:00+00:00,2024-01-02T20:50:00+00:00
O-000295,C-00068,372.66,canceled,RJ,2024-01-19T02:53:00+00:00,2024-01-19T11:03:00+00:00
O-000364,C-00033,735.73,paid,RJ,2024-01-01T23:46:00+00:00,2024-01-02T06:31:00+00:00
O-000134,C-00060,621.37,canceled,PR,2024-01-20T23:40:00+00:00,2024-01-21T01:47:00+00:00
O-000032,C-00025,89.42,canceled,BA,2024-01-22T12:36:00+00:00,2024-01-22T19:32:00+00:00
O-000268,C-00082,351.26,shipped,PR,2024-01-22T09:30:00+00:00,2024-01-22T10:14:00+00:00
O-000139,C-00053,303.31,created,MG,2024-01-22T09:22:00+00:00,2024-01-22T15:18:00+00:00
O-000219,C-00087,612.25,canceled,PR,2024-01-06T01:07:00+00:00,2024-01-06T05:57:00+00:00
O-000413,C-00082,-10.00,canceled,PE,2024-01-15T20:29:00+00:00,2024-01-15T20:59:00+00:00
O-000171,C-00078,722.73,paid,RS,2024-01-14T00:36:00+00:00,2024-01-14T04:31:00+00:00
O-000015,C-00032,671.77,shipped,SC,2024-01-13T01:19:00+00:00,2024-01-13T03:41:00+00:00
O-000460,C-00029,486.16,paid,PE,2024-01-02T11:42:00+00:00,2024-01-02T16:23:00+00:00
O-000394,C-00094,716.50,paid,MG,2024-01-21T23:20:00+00:00,2024-01-22T02:12:00+00:00
O-000060,C-00086,778.34,paid,PR,2024-01-16T02:50:00+00:00,2024-01-16T09:51:00+00:00
O-000453,C-00016,218.52,created,MG,2024-01-07T02:18:00+00:00,2024-01-07T07:38:00+00:00
O-000375,C-00038,214.57,shipped,BA,2024-01-07T09:03:00+00:00,2024-01-07T17:38:00+00:00
O-000137,C-00098,681.86,canceled,PE,2024-01-27T05:24:00+00:00,2024-01-27T06:05:00+00:00
O-000447,C-00058,535.02,canceled,SP,2024-01-02T07:53:00+00:00,2024-01-02T11:15:00+00:00
O-000399,C-00068,651.36,shipped,SP,2024-01-01T12:56:00+00:00,2024-01-01T13:13:00+00:00
O-000383,C-00069,653.50,paid,SP,2024-01-17T21:18:00+00:00,2024-01-17T22:52:00+00:00
O-000064,C-00052,613.17,shipped,SP,2024-01-16T23:32:00+00:00,2024-01-17T08:13:00+00:00
O-000190,C-00007,709.18,paid,MG,2024-01-10T15:40:00+00:00,2024-01-10T16:01:00+00:00
O-000085,C-00041,804.26,created,MG,2024-01-13T08:47:00+00:00,2024-01-13T14:30:00+00:00
O-000132,C-00070,206.20,paid,PR,2024-01-20T08:21:00+00:00,2024-01-20T10:18:00+00:00
O-000369,C-00051,478.31,paid,SP,2024-01-09T02:56:00+00:00,2024-01-09T12:06:00+00:00
O-000421,C-00053,352.08,created,RS,2024-01-01T13:28:00+00:00,2024-01-01T18:26:00+00:00
O-000400,C-00023,100.78,created,MG,2024-01-23T20:33:00+00:00,2024-01-24T03:53:00+00:00
O-000264,C-00009,104.22,canceled,SP,2024-01-30T01:54:00+00:00,2024-01-30T09:42:00+00:00
O-000267,C-00047,65.57,created,SC,2024-01-04T21:30:00+00:00,2024-01-05T06:26:00+00:00
O-000177,C-00010,130.98,paid,SC,2024-01-06T05:47:00+00:00,2024-01-06T13:46:00+00:00
O-000487,C-00039,127.73,paid,MG,2024-01-15T06:15:00+00:00,2024-01-15T12:31:00+00:00
O-000254,C-00054,869.81,paid,MG,2024-01-23T21:18:00+00:00,2024-01-24T06:18:00+00:00
O-000083,C-00034,677.84,shipped,PE,2024-01-22T14:28:00+00:00,2024-01-22T22:08:00+00:00
O-000005,C-00049,91.56,shipped,PR,2024-01-05T15:38:00+00:00,2024-01-05T17:12:00+00:00
O-000359,C-00068,404.84,shipped,RJ,2024-01-12T06:17:00+00:00,2024-01-12T07:40:00+00:00
O-000070,C-00040,601.87,shipped,SC,2024-01-14T16:01:00+00:00,2024-01-15T00:40:00+00:00
O-000362,C-00058,728.78,canceled,MG,2024-01-05T03:19:00+00:00,2024-01-05T12:01:00+00:00
O-000006,C-00069,116.72,canceled,RJ,2024-01-02T23:27:00+00:00,2024-01-03T07:17:00+00:00
O-000061,C-00049,785.59,canceled,RS,2024-01-08T05:53:00+00:00,2024-01-08T07:43:00+00:00
O-000089,C-00046,272.26,canceled,SC,2024-01-22T16:59:00+00:00,2024-01-22T17:05:00+00:00
O-000078,C-00025,647.92,shipped,PE,2024-01-19T20:40:00+00:00,2024-01-20T09:29:00+00:00
O-000336,C-00087,491.16,canceled,BA,2024-01-06T13:07:00+00:00,2024-01-06T22:54:00+00:00
O-000379,C-00020,273.40,paid,PE,2024-01-19T22:44:00+00:00,2024-01-20T05:42:00+00:00
